S-176	abe
S-177	abe
S-178	abe
S-179	abe
S-180	abe
S-181	abe
S-182	abe
S-184	abe
S-185	abe
S-186	abe
S-187	abe
S-188	abe
S-189	abe
S-190	abe
S-191	abe
S-192	abe
S-193	abe
S-194	abe
S-195	abe
S-196	abe
S-197	abe
S-198	abe
S-199	abe
S-200	abe
S-226	lak
S-227	lak
S-228	lak
S-229	lak
S-230	lak
S-231	lak
S-232	lak
S-233	lak
S-234	lak
S-235	lak
S-236	lak
S-237	lak
S-238	lak
S-239	lak
S-240	lak
S-241	lak
S-242	lak
S-243	lak
S-244	lak
S-245	lak
S-246	lak
S-247	lak
S-248	lak
S-249	lak
S-301	vne
S-302	vne
S-303	vne
S-304	vne
S-305	vne
S-306	vne
S-307	vne
S-308	vne
S-309	vne
S-310	vne
S-311	vne
S-312	vne
S-313	vne
S-314	vne
S-315	vne
S-316	vne
S-317	vne
S-318	vne
S-319	vne
S-320	vne
S-321	vne
S-322	vne
S-323	vne
S-324	vne
S-76	bos
S-77	bos
S-78	bos
S-79	bos
S-80	bos
S-81	bos
S-82	bos
S-83	bos
S-84	bos
S-85	bos
S-86	bos
S-87	bos
S-88	bos
S-89	bos
S-90	bos
S-91	bos
S-92	bos
S-93	bos
S-94	bos
S-95	bos
S-96	bos
S-97	bos
S-98	bos
S-99	bos
